Reason1,Reason2,Reason3,Reason4,Month_value,Day_of_week,Transportation_Expense,Distance_to_Work,Age,Daily_Work_Load_Average,Body_Mass_Index,Education,Children,Pets,Probability,Prediction
0,0,0,1,7,7,289,36,33,239.554,30,0,2,1,0.589706,1
0,0,0,0,7,14,118,13,50,239.554,31,0,1,0,0.0845089,0
0,0,0,1,7,15,179,51,38,239.554,31,0,0,0,0.219957,0
1,0,0,0,7,16,279,5,39,239.554,24,0,2,0,0.891181,1
0,0,0,1,7,23,289,36,33,239.554,30,0,2,1,0.564958,1
0,0,0,1,7,10,179,51,38,239.554,31,0,0,0,0.225444,0
0,0,0,1,7,17,361,52,28,239.554,27,0,1,4,0.457003,0
0,0,0,1,7,24,260,50,36,239.554,23,0,4,0,0.59218,1
0,0,1,0,7,6,155,12,34,239.554,25,0,2,0,0.74515,1
0,0,0,1,7,13,235,11,37,239.554,29,1,1,1,0.40484,0
1,0,0,0,7,20,260,50,36,239.554,23,0,4,0,0.913891,1
1,0,0,0,7,14,260,50,36,239.554,23,0,4,0,0.916838,1
1,0,0,0,7,15,260,50,36,239.554,23,0,4,0,0.916354,1
1,0,0,0,7,15,179,51,38,239.554,31,0,0,0,0.667709,1
0,0,0,1,7,15,179,51,38,239.554,31,0,0,0,0.219957,0
1,0,0,0,7,17,246,25,41,239.554,23,0,0,0,0.725313,1
0,0,0,1,7,17,179,51,38,239.554,31,0,0,0,0.217789,0
0,0,1,0,7,27,179,51,38,239.554,31,0,0,0,0.660892,1
1,0,0,0,7,30,189,29,33,239.554,25,0,2,2,0.663615,1
0,0,0,1,8,5,248,25,47,205.917,32,0,2,1,0.466959,0
1,0,0,0,8,12,330,16,28,205.917,25,1,0,0,0.91494,1
1,0,0,0,8,3,179,51,38,205.917,31,0,0,0,0.681949,1
1,0,0,0,8,10,361,52,28,205.917,27,0,1,4,0.861111,1
0,0,0,1,8,14,260,50,36,205.917,23,0,4,0,0.604728,1
0,0,1,0,8,17,289,36,33,205.917,30,0,2,1,0.908665,1
0,0,0,1,8,24,361,52,28,205.917,27,0,1,4,0.443252,0
0,0,0,1,8,4,289,36,33,205.917,30,0,2,1,0.591602,1
0,0,0,1,8,12,157,27,29,205.917,22,0,0,0,0.150067,0
0,0,1,0,8,19,289,36,33,205.917,30,0,2,1,0.907607,1
0,0,0,1,8,28,179,51,38,205.917,31,0,0,0,0.204318,0
0,0,1,0,8,17,179,51,38,205.917,31,0,0,0,0.672495,1
0,0,1,0,8,27,235,29,48,205.917,33,0,1,5,0.579191,1
0,0,0,1,8,27,235,11,37,205.917,29,1,1,1,0.381006,0
0,0,1,0,8,17,235,29,48,205.917,33,0,1,5,0.594561,1
0,0,0,1,8,17,179,51,38,205.917,31,0,0,0,0.21589,0
0,0,0,1,8,17,361,52,28,205.917,27,0,1,4,0.45423,0
0,0,0,1,8,4,289,36,33,205.917,30,0,2,1,0.591602,1
1,0,0,0,8,20,291,50,32,205.917,23,0,0,0,0.810778,1
0,0,0,1,8,21,235,29,48,205.917,33,0,1,5,0.160869,0
0,0,0,1,8,28,260,50,36,205.917,23,0,4,0,0.583326,1
0,0,0,1,9,1,184,42,27,241.476,21,0,0,0,0.192052,0
0,0,0,1,9,7,118,10,37,241.476,28,0,0,0,0.139917,0
0,0,0,1,9,1,179,51,38,241.476,31,0,0,0,0.238696,0
0,0,1,0,9,8,235,20,43,241.476,38,0,1,0,0.889997,1
0,0,0,1,9,9,155,12,34,241.476,25,0,2,0,0.281291,0
0,0,0,1,9,13,118,10,37,241.476,28,0,0,0,0.135402,0
0,0,0,1,9,14,179,51,38,241.476,31,0,0,0,0.224042,0
0,0,0,1,9,24,291,31,40,241.476,25,0,1,1,0.403131,0
0,0,0,1,9,4,260,50,36,241.476,23,0,4,0,0.626469,1
1,0,0,0,9,14,291,31,40,241.476,25,0,1,1,0.836816,1
0,0,0,0,9,21,260,50,36,241.476,23,0,4,0,0.412768,0
0,0,0,0,9,28,225,26,28,241.476,24,0,1,2,0.126385,0
0,0,0,1,9,8,225,26,28,241.476,24,0,1,2,0.260253,0
0,0,0,1,9,15,118,10,37,241.476,28,0,0,0,0.133924,0
0,0,0,0,9,22,289,36,33,241.476,30,0,2,1,0.382987,0
0,0,0,0,9,29,118,13,50,241.476,31,0,1,0,0.078682,0
0,0,1,0,9,16,225,26,28,241.476,24,0,1,2,0.713796,1
0,0,0,1,9,23,179,51,38,241.476,31,0,0,0,0.214279,0
0,0,0,0,9,30,369,17,31,241.476,25,0,3,0,0.662583,1
0,0,0,1,9,11,248,25,47,241.476,32,0,2,1,0.464584,0
0,0,0,1,9,18,179,51,38,241.476,31,0,0,0,0.219664,0
0,0,0,1,9,25,260,50,36,241.476,23,0,4,0,0.594827,1
0,0,0,1,10,6,179,51,38,253.465,31,0,0,0,0.235671,0
0,0,0,1,10,13,118,10,37,253.465,28,0,0,0,0.137165,0
0,0,0,0,10,14,118,13,50,253.465,31,0,1,0,0.0870411,0
0,0,0,1,10,15,179,26,30,253.465,19,1,0,0,0.185921,0
0,0,0,1,10,16,179,51,38,253.465,31,0,0,0,0.224442,0
0,0,0,1,10,16,225,26,28,253.465,24,0,1,2,0.253431,0
0,0,0,1,10,6,118,10,37,253.465,28,0,0,0,0.142503,0
0,0,0,1,10,14,225,26,28,253.465,24,0,1,2,0.255838,0
0,0,0,1,10,21,248,25,47,253.465,32,0,2,1,0.452563,0
0,0,0,1,10,22,291,31,40,253.465,25,0,1,1,0.409804,0
0,0,0,1,10,21,179,51,38,253.465,31,0,0,0,0.218972,0
0,0,0,1,10,21,225,26,28,253.465,24,0,1,2,0.247481,0
0,0,1,0,10,22,260,50,36,253.465,23,0,4,0,0.91888,1
1,0,0,0,10,13,291,31,40,253.465,25,0,1,1,0.839707,1
0,0,0,1,10,20,225,26,28,253.465,24,0,1,2,0.248663,0
0,0,0,1,10,21,289,36,33,253.465,30,0,2,1,0.575978,1
0,0,0,1,10,23,361,52,28,253.465,27,0,1,4,0.455577,0
0,0,0,1,10,30,260,50,36,253.465,23,0,4,0,0.590791,1
0,0,0,1,11,5,179,51,38,306.345,31,0,0,0,0.24383,0
0,0,0,1,11,4,225,26,28,306.345,24,0,1,2,0.275701,0
1,0,0,0,11,5,179,51,38,306.345,31,0,0,0,0.69677,1
0,0,1,0,11,12,179,22,40,306.345,22,1,2,0,0.775339,1
0,0,0,1,11,19,291,31,40,306.345,25,0,1,1,0.423767,0
1,0,0,0,11,2,155,12,34,306.345,25,0,2,0,0.754634,1
0,0,0,1,11,9,189,29,33,306.345,25,0,2,2,0.253421,0
1,0,0,0,11,16,291,31,40,306.345,25,0,1,1,0.842301,1
0,0,0,1,11,18,225,26,28,306.345,24,0,1,2,0.258333,0
1,0,0,0,11,20,155,12,34,306.345,25,0,2,0,0.732895,1
0,0,0,1,11,18,225,26,28,306.345,24,0,1,2,0.258333,0
0,0,1,0,11,25,179,22,40,306.345,22,1,2,0,0.760658,1
1,0,0,0,11,20,225,26,28,306.345,24,0,1,2,0.710216,1
0,0,0,1,11,27,260,50,36,306.345,23,0,4,0,0.604603,1
0,0,0,1,11,2,248,25,47,306.345,32,0,2,1,0.492142,0
0,0,0,1,11,10,225,26,28,306.345,24,0,1,2,0.26817,0
1,0,0,0,11,11,289,36,33,306.345,30,0,2,1,0.914657,1
0,0,0,1,11,26,291,31,40,306.345,25,0,1,1,0.412968,0
0,0,0,1,12,1,248,25,47,261.306,32,0,2,1,0.489298,0
0,0,1,0,12,1,118,10,37,261.306,28,0,0,0,0.566361,1
0,0,0,1,12,2,118,13,50,261.306,31,0,1,0,0.183671,0
0,0,0,1,12,2,235,11,37,261.306,29,1,1,1,0.434726,0
0,0,0,1,12,3,225,26,28,261.306,24,0,1,2,0.273435,0
0,0,0,1,12,4,260,50,36,261.306,23,0,4,0,0.634782,1
0,0,1,0,12,8,118,10,37,261.306,28,0,0,0,0.555431,1
0,0,0,1,12,9,361,52,28,261.306,27,0,1,4,0.482834,0
0,0,0,1,12,10,225,26,28,261.306,24,0,1,2,0.264707,0
0,0,0,1,12,11,260,50,36,261.306,23,0,4,0,0.624433,1
0,0,0,1,12,15,225,26,28,261.306,24,0,1,2,0.258583,0
0,0,0,1,12,16,361,52,28,261.306,27,0,1,4,0.471762,0
0,0,0,1,12,11,118,10,37,261.306,28,0,0,0,0.141165,0
0,0,1,0,12,18,246,25,41,261.306,23,0,0,0,0.743291,1
0,0,0,1,12,18,225,26,28,261.306,24,0,1,2,0.254953,0
0,0,0,1,1,6,225,26,28,308.593,24,0,1,2,0.257627,0
0,0,1,0,1,4,118,10,37,308.593,28,0,0,0,0.546353,1
0,0,0,1,1,5,118,10,37,308.593,28,0,0,0,0.138278,0
0,0,1,0,1,5,155,12,34,308.593,25,0,2,0,0.744635,1
0,0,0,1,1,6,225,26,28,308.593,24,0,1,2,0.257627,0
0,0,0,1,1,7,184,42,27,308.593,21,0,0,0,0.182256,0
0,0,0,1,1,7,225,26,28,308.593,24,0,1,2,0.256416,0
0,0,0,1,1,8,225,26,28,308.593,24,0,1,2,0.255209,0
0,0,0,1,1,11,118,10,37,308.593,28,0,0,0,0.133808,0
0,0,0,1,1,12,225,26,28,308.593,24,0,1,2,0.250419,0
0,0,0,1,1,12,118,10,37,308.593,28,0,0,0,0.133074,0
0,0,0,1,1,13,118,10,37,308.593,28,0,0,0,0.132345,0
0,0,0,1,1,14,118,10,37,308.593,28,0,0,0,0.131618,0
0,0,0,1,1,15,118,10,37,308.593,28,0,0,0,0.130895,0
0,0,0,1,1,11,118,10,37,308.593,28,0,0,0,0.133808,0
0,0,0,1,1,12,118,10,37,308.593,28,0,0,0,0.133074,0
0,0,1,0,1,12,179,26,30,308.593,19,1,0,0,0.624856,1
0,0,1,0,1,12,289,36,33,308.593,30,0,2,1,0.911434,1
0,0,0,1,1,13,118,10,37,308.593,28,0,0,0,0.132345,0
0,0,0,1,1,21,184,42,27,308.593,21,0,0,0,0.169398,0
0,0,0,1,1,28,118,10,37,308.593,28,0,0,0,0.121801,0
0,0,0,1,1,25,118,10,37,308.593,28,0,0,0,0.12385,0
0,0,0,1,1,26,225,26,28,308.593,24,0,1,2,0.234129,0
0,0,0,1,1,28,289,36,33,308.593,30,0,2,1,0.554917,1
0,0,0,1,2,5,184,42,27,302.585,21,0,0,0,0.184855,0
1,0,0,0,2,3,246,25,41,302.585,23,0,0,0,0.7418,1
1,0,0,0,2,10,179,51,38,302.585,31,0,0,0,0.673741,1
0,0,0,1,2,11,155,12,34,302.585,25,0,2,0,0.274392,0
0,0,0,1,2,11,189,29,33,302.585,25,0,2,2,0.237173,0
0,0,0,1,2,12,260,50,36,302.585,23,0,4,0,0.609372,1
0,0,0,1,2,12,289,36,33,302.585,30,0,2,1,0.580946,1
1,0,0,0,2,8,388,15,50,302.585,24,0,0,0,0.916571,1
1,0,0,0,2,9,388,15,50,302.585,24,0,0,0,0.916085,1
0,0,0,1,2,15,225,26,28,302.585,24,0,1,2,0.247733,0
0,0,0,1,2,9,225,26,28,302.585,24,0,1,2,0.25489,0
0,0,0,1,2,16,179,26,30,302.585,19,1,0,0,0.179497,0
0,0,0,1,2,23,184,42,27,302.585,21,0,0,0,0.168273,0
0,0,0,1,2,25,225,26,28,302.585,24,0,1,2,0.236108,0
0,0,1,0,2,15,330,16,28,302.585,25,1,0,0,0.917495,1
0,0,0,1,2,16,330,16,28,302.585,25,1,0,0,0.597047,1
0,0,0,1,2,17,225,26,28,302.585,24,0,1,2,0.245378,0
0,0,1,0,2,25,189,29,33,302.585,25,0,2,2,0.679672,1
0,0,0,1,3,1,291,50,32,343.253,23,0,0,0,0.413379,0
0,0,1,0,3,1,260,50,36,343.253,23,0,4,0,0.927916,1
0,0,1,0,3,8,157,27,29,343.253,22,0,0,0,0.583891,1
0,1,0,0,3,15,179,22,40,343.253,22,1,2,0,0.294687,0
0,0,0,1,3,16,291,31,40,343.253,25,0,1,1,0.417755,0
1,0,0,0,3,2,260,50,36,343.253,23,0,4,0,0.92437,1
1,0,0,0,3,3,179,26,30,343.253,19,1,0,0,0.635954,1
1,0,0,0,3,4,248,25,47,343.253,32,0,2,1,0.867146,1
1,0,0,0,3,4,260,50,36,343.253,23,0,4,0,0.923479,1
1,0,0,0,3,7,179,22,40,343.253,22,1,2,0,0.765166,1
1,0,0,0,3,14,155,12,34,343.253,25,0,2,0,0.731788,1
0,0,0,1,3,21,260,50,36,343.253,23,0,4,0,0.603253,1
1,0,0,0,3,22,155,12,34,343.253,25,0,2,0,0.721717,1
1,0,0,0,3,24,289,36,33,343.253,30,0,2,1,0.904284,1
1,0,0,0,3,24,179,22,40,343.253,22,1,2,0,0.745249,1
0,0,0,1,3,25,260,50,36,343.253,23,0,4,0,0.597167,1
0,0,0,1,3,25,225,26,28,343.253,24,0,1,2,0.241822,0
1,0,0,0,3,28,279,5,39,343.253,24,0,2,0,0.886332,1
1,0,0,0,3,29,179,51,38,343.253,31,0,0,0,0.653875,1
0,0,0,1,3,30,225,26,28,343.253,24,0,1,2,0.236058,0
1,0,0,0,3,28,225,26,28,343.253,24,0,1,2,0.690407,1
1,0,0,0,3,28,179,26,30,343.253,19,1,0,0,0.59853,1
1,0,0,0,3,29,225,26,28,343.253,24,0,1,2,0.68905,1
1,0,0,0,3,30,225,26,28,343.253,24,0,1,2,0.68769,1
1,0,0,0,3,30,179,51,38,343.253,31,0,0,0,0.652438,1
1,0,0,0,3,17,279,5,39,343.253,24,0,2,0,0.893171,1
0,0,0,1,3,18,225,26,28,343.253,24,0,1,2,0.250052,0
1,0,0,0,3,25,248,25,47,343.253,32,0,2,1,0.851044,1
0,0,0,1,3,28,225,26,28,343.253,24,0,1,2,0.238352,0
0,0,0,1,4,6,291,31,40,326.452,25,0,1,1,0.432877,0
0,0,0,1,4,13,225,26,28,326.452,24,0,1,2,0.255753,0
0,0,0,1,4,12,155,12,34,326.452,25,0,2,0,0.279107,0
1,0,0,0,4,13,246,25,41,326.452,23,0,0,0,0.735331,1
0,0,0,1,4,14,155,12,34,326.452,25,0,2,0,0.276563,0
0,0,0,1,4,15,225,26,28,326.452,24,0,1,2,0.253347,0
0,0,0,1,4,15,260,50,36,326.452,23,0,4,0,0.611958,1
1,0,0,0,4,6,179,51,38,326.452,31,0,0,0,0.685768,1
0,0,0,1,4,7,118,13,50,326.452,31,0,1,0,0.174961,0
0,0,0,1,4,8,291,31,40,326.452,25,0,1,1,0.429767,0
1,0,0,0,4,8,246,25,41,326.452,23,0,0,0,0.741454,1
0,0,0,1,4,22,291,31,40,326.452,25,0,1,1,0.408164,0
0,0,0,1,4,29,248,25,47,326.452,32,0,2,1,0.438357,0
0,0,1,0,4,29,260,50,36,326.452,23,0,4,0,0.914983,1
0,0,1,0,4,26,289,36,33,326.452,30,0,2,1,0.90696,1
1,0,0,0,4,27,155,12,34,326.452,25,0,2,0,0.714994,1
0,0,1,0,4,27,378,49,36,326.452,21,0,2,4,0.863571,1
1,0,0,0,4,28,289,36,33,326.452,30,0,2,1,0.901932,1
1,0,0,0,4,8,235,11,37,326.452,29,1,1,1,0.836939,1
0,0,0,0,4,4,235,29,48,326.452,33,0,1,5,0.0937095,0
1,0,0,0,5,4,289,36,33,378.884,30,0,2,1,0.917527,1
0,0,0,1,5,5,155,12,34,378.884,25,0,2,0,0.296015,0
0,0,0,1,5,2,155,12,34,378.884,25,0,2,0,0.299994,0
0,0,1,0,5,3,179,51,38,378.884,31,0,0,0,0.707466,1
0,0,1,0,5,3,225,26,28,378.884,24,0,1,2,0.739366,1
1,0,0,0,5,11,184,42,27,378.884,21,0,0,0,0.624804,1
0,0,0,1,5,9,155,12,34,378.884,25,0,2,0,0.290758,0
1,0,0,0,5,10,179,51,38,378.884,31,0,0,0,0.688522,1
1,0,0,0,5,4,289,36,33,378.884,30,0,2,1,0.917527,1
0,0,0,0,5,11,279,5,39,378.884,24,0,2,0,0.371129,0
0,0,0,0,5,18,330,16,28,378.884,25,1,0,0,0.422311,0
0,0,0,0,5,25,378,49,36,378.884,21,0,2,4,0.294214,0
0,0,0,0,5,25,388,15,50,378.884,24,0,0,0,0.408858,0
1,0,0,0,5,24,179,51,38,378.884,31,0,0,0,0.669175,1
1,0,0,0,5,11,118,13,50,378.884,31,0,1,0,0.604847,1
0,0,0,1,5,27,361,52,28,378.884,27,0,1,4,0.457071,0
0,0,1,0,6,6,246,25,41,377.55,23,0,0,0,0.760831,1
0,0,0,1,6,13,361,52,28,377.55,27,0,1,4,0.481,0
1,0,0,0,6,14,246,25,41,377.55,23,0,0,0,0.742883,1
0,0,0,1,6,16,291,31,40,377.55,25,0,1,1,0.428491,0
1,0,0,0,6,17,246,25,41,377.55,23,0,0,0,0.739234,1
1,0,0,0,6,13,179,51,38,377.55,31,0,0,0,0.686012,1
0,0,0,1,6,20,155,12,34,377.55,25,0,2,0,0.27806,0
1,0,0,0,6,27,246,25,41,377.55,23,0,0,0,0.726828,1
1,0,0,0,6,29,118,13,50,377.55,31,0,1,0,0.579062,1
1,0,0,0,6,3,235,11,37,377.55,29,1,1,1,0.847204,1
0,0,0,1,6,7,118,13,50,377.55,31,0,1,0,0.181628,0
1,0,0,0,6,8,118,13,50,377.55,31,0,1,0,0.61113,1
0,0,0,1,6,9,378,49,36,377.55,21,0,2,4,0.498908,0
1,0,0,0,6,10,179,51,38,377.55,31,0,0,0,0.690094,1
0,0,0,1,6,20,289,48,49,377.55,36,0,0,2,0.374285,0
0,0,0,1,6,30,225,26,28,377.55,24,0,1,2,0.244081,0
0,0,1,0,7,5,155,12,34,275.312,25,0,2,0,0.750214,1
1,0,0,0,7,6,118,13,50,275.312,31,0,1,0,0.602102,1
1,0,0,0,7,8,118,10,37,275.312,28,0,0,0,0.536095,1
0,0,0,1,7,8,118,10,37,275.312,28,0,0,0,0.139538,0
0,0,0,1,7,12,330,16,28,275.312,25,1,0,0,0.609076,1
0,0,1,0,7,14,179,26,30,275.312,19,1,0,0,0.628803,1
0,0,0,1,7,15,155,12,34,275.312,25,0,2,0,0.274299,0
1,0,0,0,7,18,330,16,28,275.312,25,1,0,0,0.914444,1
1,0,0,0,7,19,330,16,28,275.312,25,1,0,0,0.913947,1
0,0,0,1,7,18,157,27,29,275.312,22,0,0,0,0.149258,0
0,0,0,1,7,19,361,52,28,275.312,27,0,1,4,0.458945,0
0,0,0,1,7,20,289,36,33,275.312,30,0,2,1,0.574646,1
0,0,0,1,7,21,179,51,38,275.312,31,0,0,0,0.216962,0
0,0,1,0,7,11,289,36,33,275.312,30,0,2,1,0.914289,1
0,0,1,0,7,14,289,36,33,275.312,30,0,2,1,0.912786,1
0,0,0,0,7,21,260,50,36,275.312,23,0,4,0,0.413541,0
0,0,1,0,8,4,289,36,33,265.615,30,0,2,1,0.917895,1
0,0,1,0,8,11,157,27,29,265.615,22,0,0,0,0.578291,1
0,0,0,1,8,7,289,36,33,265.615,30,0,2,1,0.595271,1
0,0,1,0,8,8,228,14,58,265.615,22,0,2,1,0.733055,1
1,0,0,0,8,10,300,26,43,265.615,25,0,2,1,0.885267,1
1,0,0,0,8,10,300,26,43,265.615,25,0,2,1,0.885267,1
0,0,0,1,8,11,260,50,36,265.615,23,0,4,0,0.617382,1
0,0,0,1,8,8,289,36,33,265.615,30,0,2,1,0.593743,1
0,0,0,1,8,9,248,25,47,265.615,32,0,2,1,0.469168,0
1,0,0,0,8,10,268,11,33,265.615,25,1,0,0,0.849773,1
0,0,0,1,8,10,179,26,30,265.615,19,1,0,0,0.189344,0
1,0,0,0,8,10,118,13,50,265.615,31,0,1,0,0.596624,1
0,0,0,1,8,14,248,25,47,265.615,32,0,2,1,0.461281,0
0,0,0,1,8,15,235,11,37,265.615,29,1,1,1,0.407341,0
0,0,0,1,8,17,118,13,50,265.615,31,0,1,0,0.165657,0
0,0,1,0,8,24,235,11,37,265.615,29,1,1,1,0.828813,1
1,0,0,0,8,8,361,52,28,265.615,27,0,1,4,0.866627,1
1,0,0,0,8,30,184,42,27,265.615,21,0,0,0,0.586351,1
1,0,0,0,9,5,179,51,38,294.217,31,0,0,0,0.691853,1
0,0,0,1,9,9,179,51,38,294.217,31,0,0,0,0.234994,0
0,0,1,0,9,7,289,36,33,294.217,30,0,2,1,0.918308,1
0,0,0,0,9,8,235,20,43,294.217,38,0,1,0,0.342952,0
1,0,0,0,9,12,246,25,41,294.217,23,0,0,0,0.740819,1
0,0,0,1,9,13,291,31,40,294.217,25,0,1,1,0.427403,0
0,0,0,0,9,13,231,35,39,294.217,35,0,2,2,0.259636,0
0,0,0,0,9,13,291,50,32,294.217,23,0,0,0,0.23732,0
1,0,0,0,9,14,179,51,38,294.217,31,0,0,0,0.679557,1
1,0,0,0,9,14,246,25,41,294.217,23,0,0,0,0.738376,1
0,0,0,1,9,15,179,51,38,294.217,31,0,0,0,0.228224,0
0,0,0,1,9,16,291,31,40,294.217,25,0,1,1,0.422755,0
0,0,0,1,9,16,260,50,36,294.217,23,0,4,0,0.615681,1
0,0,0,1,9,14,235,20,43,294.217,38,0,1,0,0.518403,1
0,0,0,1,9,15,118,13,50,294.217,31,0,1,0,0.170861,0
0,0,0,0,9,15,235,20,43,294.217,38,0,1,0,0.333022,0
0,0,0,1,9,16,291,31,40,294.217,25,0,1,1,0.422755,0
1,0,0,0,9,26,291,31,40,294.217,25,0,1,1,0.830459,1
1,0,0,0,9,26,179,51,38,294.217,31,0,0,0,0.662768,1
0,0,0,1,10,5,289,36,33,265.017,30,0,2,1,0.60213,1
0,0,0,1,10,5,235,11,37,265.017,29,1,1,1,0.426609,0
0,0,0,1,10,5,289,36,33,265.017,30,0,2,1,0.60213,1
0,0,0,1,10,6,289,36,33,265.017,30,0,2,1,0.60061,1
0,0,0,0,10,6,118,13,50,265.017,31,0,1,0,0.0917072,0
0,0,0,0,10,6,248,25,47,265.017,32,0,2,1,0.299338,0
1,0,0,0,10,12,179,26,30,265.017,19,1,0,0,0.625432,1
1,0,0,0,10,12,118,10,37,265.017,28,0,0,0,0.534367,1
0,0,0,1,10,12,369,17,31,265.017,25,0,3,0,0.828126,1
0,0,0,1,10,14,179,51,38,265.017,31,0,0,0,0.22782,0
1,0,0,0,10,14,179,26,30,265.017,19,1,0,0,0.622457,1
0,0,0,0,10,14,235,20,43,265.017,38,0,1,0,0.332512,0
0,0,1,0,10,15,289,36,33,265.017,30,0,2,1,0.913743,1
0,0,0,1,10,16,260,50,36,265.017,23,0,4,0,0.613636,1
0,0,0,0,10,16,235,20,43,265.017,38,0,1,0,0.329704,0
0,0,0,1,10,19,235,20,43,265.017,38,0,1,0,0.508326,1
0,0,0,1,10,19,235,20,43,265.017,38,0,1,0,0.508326,1
0,0,0,1,10,20,118,13,50,265.017,31,0,1,0,0.165222,0
0,0,0,1,10,20,291,31,40,265.017,25,0,1,1,0.414481,0
0,0,0,1,10,22,179,26,30,265.017,19,1,0,0,0.180274,0
0,0,0,1,10,22,118,13,50,265.017,31,0,1,0,0.163481,0
1,0,0,0,10,26,361,52,28,265.017,27,0,1,4,0.854856,1
0,0,0,0,10,27,260,50,36,265.017,23,0,4,0,0.408789,0
0,0,0,0,10,27,291,31,40,265.017,25,0,1,1,0.240178,0
0,0,0,0,10,27,157,27,29,265.017,22,0,0,0,0.073038,0
1,0,0,0,10,28,179,26,30,265.017,19,1,0,0,0.601382,1
1,0,0,0,10,28,179,26,30,265.017,19,1,0,0,0.601382,1
0,0,0,1,10,29,118,13,50,265.017,31,0,1,0,0.157502,0
1,0,0,0,11,7,118,10,37,284.031,28,0,0,0,0.54696,1
0,0,0,1,11,7,248,25,47,284.031,32,0,2,1,0.481027,0
1,0,0,0,11,8,179,51,38,284.031,31,0,0,0,0.690006,1
0,0,0,1,11,11,260,50,36,284.031,23,0,4,0,0.625587,1
0,0,0,1,11,14,291,31,40,284.031,25,0,1,1,0.42839,0
1,0,0,0,11,14,378,49,36,284.031,21,0,2,4,0.871535,1
1,0,0,0,11,14,155,12,34,284.031,25,0,2,0,0.737808,1
0,0,0,1,11,14,235,20,43,284.031,38,0,1,0,0.520992,1
0,0,0,0,11,15,330,16,28,284.031,25,1,0,0,0.425552,0
0,0,1,0,11,16,235,11,37,284.031,29,1,1,1,0.840618,1
1,0,0,0,11,16,118,10,37,284.031,28,0,0,0,0.532786,1
0,0,0,1,11,17,235,11,37,284.031,29,1,1,1,0.41271,0
0,0,0,1,11,17,179,51,38,284.031,31,0,0,0,0.227818,0
1,0,0,0,11,18,246,25,41,284.031,23,0,0,0,0.735471,1
1,0,0,0,11,18,291,31,40,284.031,25,0,1,1,0.838888,1
1,0,0,0,11,21,246,25,41,284.031,23,0,0,0,0.731754,1
0,0,0,1,11,22,179,51,38,284.031,31,0,0,0,0.22229,0
1,0,0,0,11,23,260,50,36,284.031,23,0,4,0,0.916904,1
0,1,0,0,11,25,260,50,36,284.031,23,0,4,0,0.595104,1
0,0,0,0,11,25,378,49,36,284.031,21,0,2,4,0.293022,0
0,0,0,0,11,29,279,5,39,284.031,24,0,2,0,0.34361,0
0,0,0,1,11,24,179,51,38,284.031,31,0,0,0,0.220105,0
1,0,0,0,12,5,225,26,28,236.629,24,0,1,2,0.723055,1
0,0,0,1,12,5,179,51,38,236.629,31,0,0,0,0.238002,0
0,0,0,1,12,5,179,51,38,236.629,31,0,0,0,0.238002,0
0,0,0,1,12,5,235,11,37,236.629,29,1,1,1,0.426593,0
0,0,0,1,12,6,118,13,50,236.629,31,0,1,0,0.177821,0
0,0,0,1,12,9,260,50,36,236.629,23,0,4,0,0.624088,1
1,0,0,0,12,15,246,25,41,236.629,23,0,0,0,0.73546,1
0,0,0,1,12,15,179,51,38,236.629,31,0,0,0,0.226696,0
0,0,0,1,12,16,179,51,38,236.629,31,0,0,0,0.225586,0
0,0,0,1,12,20,179,26,30,236.629,19,1,0,0,0.182146,0
0,0,0,1,12,20,118,10,37,236.629,28,0,0,0,0.13275,0
0,0,0,1,12,22,235,11,37,236.629,29,1,1,1,0.400461,0
0,0,0,1,12,23,179,51,38,236.629,31,0,0,0,0.217927,0
1,0,0,0,12,20,235,20,43,236.629,38,0,1,0,0.879813,1
1,0,0,0,12,20,235,11,37,236.629,29,1,1,1,0.828196,1
0,0,0,1,12,21,260,50,36,236.629,23,0,4,0,0.606078,1
0,0,0,1,12,19,157,27,29,236.629,22,0,0,0,0.150789,0
0,0,0,1,12,19,179,51,38,236.629,31,0,0,0,0.222281,0
0,0,1,0,12,19,289,36,33,236.629,30,0,2,1,0.911718,1
0,0,0,1,1,4,225,26,28,330.061,24,0,1,2,0.262435,0
0,0,1,0,1,9,118,10,37,330.061,28,0,0,0,0.541543,1
0,0,0,1,1,9,155,12,34,330.061,25,0,2,0,0.278458,0
1,0,0,0,1,3,235,11,37,330.061,29,1,1,1,0.838225,1
0,0,0,1,1,3,155,12,34,330.061,25,0,2,0,0.286165,0
0,0,0,1,1,9,289,36,33,330.061,30,0,2,1,0.587424,1
1,0,0,0,1,11,291,31,40,330.061,25,0,1,1,0.837493,1
0,0,0,1,1,16,235,20,43,330.061,38,0,1,0,0.504167,1
0,0,0,1,1,16,118,13,50,330.061,31,0,1,0,0.163807,0
0,0,0,1,1,25,179,51,38,330.061,31,0,0,0,0.209812,0
0,0,0,1,1,27,179,51,38,330.061,31,0,0,0,0.207717,0
0,0,0,1,2,7,118,10,37,251.818,28,0,0,0,0.133914,0
0,0,0,1,2,1,179,51,38,251.818,31,0,0,0,0.229585,0
1,0,0,0,2,1,225,26,28,251.818,24,0,1,2,0.713547,1
0,0,0,1,2,3,289,36,33,251.818,30,0,2,1,0.587736,1
0,0,0,1,2,10,260,50,36,251.818,23,0,4,0,0.605455,1
0,0,0,1,2,17,179,51,38,251.818,31,0,0,0,0.212136,0
0,0,0,1,2,13,179,51,38,251.818,31,0,0,0,0.216406,0
0,0,0,1,2,15,179,51,38,251.818,31,0,0,0,0.214263,0
1,0,0,0,2,16,179,51,38,251.818,31,0,0,0,0.658812,1
0,0,0,1,2,16,246,25,41,251.818,23,0,0,0,0.265038,0
0,0,0,1,2,17,179,51,38,251.818,31,0,0,0,0.212136,0
0,0,0,1,2,13,189,29,33,251.818,25,0,2,2,0.229696,0
0,0,0,1,2,13,179,51,38,251.818,31,0,0,0,0.216406,0
0,0,0,1,2,21,246,25,41,251.818,23,0,0,0,0.258909,0
0,0,0,1,2,21,291,31,40,251.818,25,0,1,1,0.395506,0
1,0,0,0,2,22,157,27,29,251.818,22,0,0,0,0.535929,1
0,0,0,1,2,22,179,51,38,251.818,31,0,0,0,0.206886,0
0,0,0,1,2,24,179,51,38,251.818,31,0,0,0,0.204813,0
1,0,0,0,2,24,246,25,41,251.818,23,0,0,0,0.709528,1
0,0,0,1,2,22,179,51,38,251.818,31,0,0,0,0.206886,0
0,0,0,1,2,24,179,51,38,251.818,31,0,0,0,0.204813,0
0,0,1,0,3,7,118,10,37,244.387,28,0,0,0,0.536516,1
0,0,1,0,3,8,246,25,41,244.387,23,0,0,0,0.7396,1
0,0,0,1,3,10,246,25,41,244.387,23,0,0,0,0.273277,0
0,0,0,1,3,10,260,50,36,244.387,23,0,4,0,0.606373,1
0,0,0,1,3,13,179,51,38,244.387,31,0,0,0,0.217059,0
0,0,0,1,3,13,235,11,37,244.387,29,1,1,1,0.397716,0
0,0,0,1,3,14,179,22,40,244.387,22,1,2,0,0.29243,0
0,0,0,1,3,14,378,49,36,244.387,21,0,2,4,0.465869,0
0,0,0,1,3,20,179,51,38,244.387,31,0,0,0,0.209611,0
0,0,0,1,3,22,361,52,28,244.387,27,0,1,4,0.441823,0
0,0,0,0,3,22,369,17,31,244.387,25,0,3,0,0.663422,1
0,0,1,0,3,23,235,11,37,244.387,29,1,1,1,0.822135,1
0,0,0,1,3,24,118,13,50,244.387,31,0,1,0,0.152671,0
1,0,0,0,3,28,118,13,50,244.387,31,0,1,0,0.555914,1
1,0,0,0,3,29,118,13,50,244.387,31,0,1,0,0.554348,1
0,0,0,0,3,30,235,11,37,244.387,29,1,1,1,0.216764,0
0,0,0,0,3,30,246,25,41,244.387,23,0,0,0,0.133922,0
0,0,0,0,3,30,118,13,50,244.387,31,0,1,0,0.0749034,0
0,0,0,1,3,31,179,51,38,244.387,31,0,0,0,0.198291,0
0,0,0,1,3,31,289,36,33,244.387,30,0,2,1,0.545111,1
0,0,1,0,3,27,260,50,36,244.387,23,0,4,0,0.91162,1
0,0,0,1,3,28,246,25,41,244.387,23,0,0,0,0.251208,0
0,0,0,1,4,5,179,51,38,239.409,31,0,0,0,0.226721,0
0,0,0,1,4,7,260,50,36,239.409,23,0,4,0,0.612151,1
0,0,0,1,4,7,330,16,28,239.409,25,1,0,0,0.605927,1
0,0,0,1,4,10,369,17,31,239.409,25,0,3,0,0.820799,1
0,0,0,1,4,10,248,25,47,239.409,32,0,2,1,0.455797,0
0,0,0,1,4,12,330,16,28,239.409,25,1,0,0,0.598333,1
0,0,0,1,4,12,179,51,38,239.409,31,0,0,0,0.219035,0
0,0,0,1,4,17,118,13,50,239.409,31,0,1,0,0.159203,0
1,0,0,0,4,19,118,13,50,239.409,31,0,1,0,0.571239,1
0,0,0,1,4,28,300,26,43,239.409,25,0,2,1,0.479499,0
0,0,0,1,4,28,260,50,36,239.409,23,0,4,0,0.580109,1
0,0,0,1,4,24,179,51,38,239.409,31,0,0,0,0.206299,0
1,0,0,0,4,26,118,10,37,239.409,28,0,0,0,0.496401,0
1,0,0,0,5,1,235,20,43,246.074,38,0,1,0,0.886934,1
0,0,0,1,5,3,248,25,47,246.074,32,0,2,1,0.469795,0
1,0,0,0,5,8,369,17,31,246.074,25,0,3,0,0.970975,1
0,0,0,1,5,10,179,26,30,246.074,19,1,0,0,0.183952,0
0,0,0,1,5,10,179,51,38,246.074,31,0,0,0,0.223273,0
0,0,0,1,5,11,361,52,28,246.074,27,0,1,4,0.463354,0
0,0,0,1,5,12,260,50,36,246.074,23,0,4,0,0.607446,1
1,0,0,0,5,15,179,22,40,246.074,22,1,2,0,0.748568,1
1,0,0,0,5,15,179,22,40,246.074,22,1,2,0,0.748568,1
0,0,1,0,5,17,228,14,58,246.074,22,0,2,1,0.714552,1
0,0,0,1,5,17,225,26,28,246.074,24,0,1,2,0.243884,0
1,0,0,0,5,19,330,16,28,246.074,25,1,0,0,0.911318,1
0,0,0,1,5,22,179,26,30,246.074,19,1,0,0,0.172804,0
0,0,0,1,5,22,118,10,37,246.074,28,0,0,0,0.125553,0
1,0,0,0,5,29,235,11,37,246.074,29,1,1,1,0.812221,1
0,0,0,1,5,31,179,26,30,246.074,19,1,0,0,0.164799,0
0,0,0,1,6,5,118,10,37,253.957,28,0,0,0,0.139379,0
0,0,0,1,6,5,179,51,38,253.957,31,0,0,0,0.231055,0
0,0,0,1,6,6,118,10,37,253.957,28,0,0,0,0.13862,0
0,0,0,1,6,8,225,26,28,253.957,24,0,1,2,0.256963,0
0,0,0,1,6,9,260,50,36,253.957,23,0,4,0,0.614966,1
0,0,0,0,6,9,179,51,38,253.957,31,0,0,0,0.120302,0
1,0,0,0,6,12,291,31,40,253.957,25,0,1,1,0.836203,1
0,0,0,1,6,12,179,51,38,253.957,31,0,0,0,0.223264,0
0,0,0,1,6,13,246,25,41,253.957,23,0,0,0,0.275424,0
0,0,0,1,6,19,179,51,38,253.957,31,0,0,0,0.215662,0
0,0,0,1,6,20,235,20,43,253.957,38,0,1,0,0.497051,0
0,0,0,1,6,26,179,51,38,253.957,31,0,0,0,0.20825,0
0,0,0,1,6,28,225,26,28,253.957,24,0,1,2,0.233506,0
0,0,0,1,6,28,118,13,50,253.957,31,0,1,0,0.153247,0
1,0,0,0,6,28,179,51,38,253.957,31,0,0,0,0.649211,1
0,0,1,0,6,28,179,26,30,253.957,19,1,0,0,0.602998,1
0,0,0,1,6,30,246,25,41,253.957,23,0,0,0,0.254443,0
1,0,0,0,6,27,330,16,28,253.957,25,1,0,0,0.90819,1
1,0,0,0,6,27,235,11,37,253.957,29,1,1,1,0.81605,1
0,0,0,1,7,6,179,26,30,230.29,19,1,0,0,0.188884,0
0,0,0,1,7,6,225,26,28,230.29,24,0,1,2,0.258343,0
1,0,0,0,7,7,260,50,36,230.29,23,0,4,0,0.919769,1
1,0,0,0,7,10,268,11,33,230.29,25,1,0,0,0.846117,1
0,0,0,1,7,14,330,16,28,230.29,25,1,0,0,0.599872,1
0,0,0,1,7,14,118,10,37,230.29,28,0,0,0,0.132046,0
0,0,0,1,7,17,260,50,36,230.29,23,0,4,0,0.60158,1
0,0,0,1,7,18,118,10,37,230.29,28,0,0,0,0.129167,0
0,1,0,0,7,24,300,26,43,230.29,25,0,2,1,0.480744,0
0,0,0,1,7,24,235,29,48,230.29,33,0,1,5,0.159102,0
0,0,0,1,7,25,246,25,41,230.29,23,0,0,0,0.259452,0
1,0,0,0,7,25,225,26,28,230.29,24,0,1,2,0.687552,1
0,0,0,1,7,25,179,51,38,230.29,31,0,0,0,0.208394,0
0,0,0,1,7,28,118,13,50,230.29,31,0,1,0,0.152539,0
0,0,0,1,7,28,361,52,28,230.29,27,0,1,4,0.438447,0
0,0,0,1,7,24,289,36,33,230.29,30,0,2,1,0.562092,1
0,0,0,1,7,24,235,20,43,230.29,38,0,1,0,0.489346,0
0,0,0,1,7,25,246,25,41,230.29,23,0,0,0,0.259452,0
0,0,0,1,7,27,291,31,40,230.29,25,0,1,1,0.393152,0
0,0,0,1,7,27,279,5,39,230.29,24,0,2,0,0.516006,1
0,0,0,1,8,3,179,51,38,249.797,31,0,0,0,0.235798,0
0,0,0,1,8,7,179,22,40,249.797,22,1,2,0,0.310968,0
0,0,0,1,8,8,246,25,41,249.797,23,0,0,0,0.284602,0
0,0,0,1,8,8,118,10,37,249.797,28,0,0,0,0.138757,0
0,0,0,1,8,8,289,36,33,249.797,30,0,2,1,0.591553,1
0,0,0,1,8,8,235,20,43,249.797,38,0,1,0,0.519518,1
0,0,0,1,8,10,291,31,40,249.797,25,0,1,1,0.423845,0
0,0,0,1,8,14,179,51,38,249.797,31,0,0,0,0.223463,0
0,0,0,1,8,15,179,22,40,249.797,22,1,2,0,0.300206,0
0,0,0,1,8,17,330,16,28,249.797,25,1,0,0,0.599937,1
0,0,0,1,8,22,235,11,37,249.797,29,1,1,1,0.394504,0
0,0,0,1,8,22,246,25,41,249.797,23,0,0,0,0.26688,0
0,0,0,1,8,22,118,10,37,249.797,28,0,0,0,0.128486,0
0,0,0,1,8,24,291,31,40,249.797,25,0,1,1,0.402329,0
0,0,0,1,8,28,260,50,36,249.797,23,0,4,0,0.589428,1
0,0,0,1,9,5,246,25,41,261.756,23,0,0,0,0.291571,0
0,0,0,1,9,5,246,25,41,261.756,23,0,0,0,0.291571,0
0,0,0,1,9,5,118,10,37,261.756,28,0,0,0,0.142868,0
0,0,0,1,9,5,155,12,34,261.756,25,0,2,0,0.288829,0
0,0,0,1,9,7,291,31,40,261.756,25,0,1,1,0.432165,0
0,0,0,1,9,8,179,26,30,261.756,19,1,0,0,0.192211,0
0,0,0,1,9,8,248,25,47,261.756,32,0,2,1,0.472215,0
0,0,0,1,9,11,179,51,38,261.756,31,0,0,0,0.229415,0
0,0,0,1,9,13,225,26,28,261.756,24,0,1,2,0.256407,0
0,0,0,1,9,18,179,26,30,261.756,19,1,0,0,0.182559,0
0,0,0,1,9,19,369,17,31,261.756,25,0,3,0,0.820251,1
0,0,0,1,9,26,361,52,28,261.756,27,0,1,4,0.450034,0
1,0,0,0,10,5,289,48,49,284.853,36,0,0,2,0.821165,1
1,0,0,0,10,5,235,16,32,284.853,25,1,0,0,0.811237,1
0,0,0,1,10,6,246,25,41,284.853,23,0,0,0,0.294681,0
1,0,0,0,10,11,289,48,49,284.853,36,0,0,2,0.81551,1
0,0,0,1,10,11,291,31,40,284.853,25,0,1,1,0.43118,0
0,0,0,1,10,17,118,10,37,284.853,28,0,0,0,0.136296,0
0,0,0,1,10,19,289,48,49,284.853,36,0,0,2,0.370922,0
0,0,0,1,10,20,291,31,40,284.853,25,0,1,1,0.417244,0
0,0,0,1,10,24,225,26,28,284.853,24,0,1,2,0.24729,0
0,0,0,1,10,24,369,17,31,284.853,25,0,3,0,0.81872,1
0,0,0,1,10,24,369,17,31,284.853,25,0,3,0,0.81872,1
0,0,0,1,10,24,225,26,28,284.853,24,0,1,2,0.24729,0
0,0,0,1,10,24,369,17,31,284.853,25,0,3,0,0.81872,1
0,0,0,1,10,25,179,51,38,284.853,31,0,0,0,0.217716,0
1,0,0,0,10,25,228,14,58,284.853,22,0,2,1,0.707677,1
0,0,0,1,10,25,291,31,40,284.853,25,0,1,1,0.409557,0
1,0,0,0,10,26,369,17,31,284.853,25,0,3,0,0.969492,1
1,0,0,0,10,26,225,26,28,284.853,24,0,1,2,0.698036,1
1,0,0,0,10,27,369,17,31,284.853,25,0,3,0,0.969304,1
1,0,0,0,10,27,225,26,28,284.853,24,0,1,2,0.696698,1
0,0,0,1,10,29,189,29,33,284.853,25,0,2,2,0.226587,0
1,0,0,0,10,29,235,16,32,284.853,25,1,0,0,0.786828,1
1,0,0,0,10,29,248,25,47,284.853,32,0,2,1,0.850778,1
0,0,0,0,10,29,225,26,28,284.853,24,0,1,2,0.129355,0
1,0,0,0,10,31,225,26,28,284.853,24,0,1,2,0.691312,1
0,0,1,0,11,7,179,51,38,268.519,31,0,0,0,0.699118,1
0,0,0,1,11,8,118,10,37,268.519,28,0,0,0,0.142999,0
1,0,0,0,11,8,330,16,28,268.519,25,1,0,0,0.921368,1
0,0,0,1,11,10,179,51,38,268.519,31,0,0,0,0.234121,0
1,0,0,0,11,14,118,10,37,268.519,28,0,0,0,0.533728,1
0,0,0,1,11,15,289,36,33,268.519,30,0,2,1,0.589297,1
1,0,0,0,11,17,235,16,32,268.519,25,1,0,0,0.799108,1
0,0,0,1,11,17,225,26,28,268.519,24,0,1,2,0.255404,0
0,0,0,1,11,21,361,52,28,268.519,27,0,1,4,0.462883,0
0,0,0,1,11,22,291,31,40,268.519,25,0,1,1,0.413859,0
1,0,0,0,11,23,118,10,37,268.519,28,0,0,0,0.519505,1
1,0,0,0,11,23,225,26,28,268.519,24,0,1,2,0.701766,1
0,0,0,1,11,27,179,51,38,268.519,31,0,0,0,0.215351,0
0,0,0,1,11,27,118,10,37,268.519,28,0,0,0,0.128862,0
1,0,0,0,11,28,118,10,37,268.519,28,0,0,0,0.511587,1
0,0,0,1,11,28,225,26,28,268.519,24,0,1,2,0.242368,0
0,0,0,0,11,28,291,31,40,268.519,25,0,1,1,0.240867,0
0,0,0,0,11,29,289,36,33,268.519,30,0,2,1,0.379999,0
1,0,0,0,11,30,248,25,47,268.519,32,0,2,1,0.84981,1
0,0,0,0,11,30,235,20,43,268.519,38,0,1,0,0.312562,0
0,0,0,1,11,24,225,26,28,268.519,24,0,1,2,0.247056,0
0,0,0,1,11,24,369,17,31,268.519,25,0,3,0,0.818533,1
0,0,0,1,11,27,361,52,28,268.519,27,0,1,4,0.45344,0
1,0,0,0,12,5,179,51,38,280.549,31,0,0,0,0.695356,1
0,0,0,1,12,6,291,31,40,280.549,25,0,1,1,0.442359,0
0,0,0,1,12,6,225,26,28,280.549,24,0,1,2,0.271851,0
1,0,0,0,12,8,179,26,30,280.549,19,1,0,0,0.637181,1
0,0,0,1,12,8,225,26,28,280.549,24,0,1,2,0.269348,0
0,0,0,1,12,13,225,26,28,280.549,24,0,1,2,0.263155,0
1,0,0,0,12,14,361,52,28,280.549,27,0,1,4,0.866967,1
0,0,1,0,12,15,179,22,40,280.549,22,1,2,0,0.77083,1
0,0,0,1,12,15,235,20,43,280.549,38,0,1,0,0.520934,1
0,0,1,0,12,18,233,51,31,280.549,21,1,1,8,0.360943,0
1,0,0,0,12,19,179,26,30,280.549,19,1,0,0,0.620909,1
0,0,0,1,12,19,225,26,28,280.549,24,0,1,2,0.255846,0
0,0,0,1,12,21,225,26,28,280.549,24,0,1,2,0.253439,0
0,0,0,1,12,18,225,26,28,280.549,24,0,1,2,0.257055,0
0,0,1,0,12,19,155,12,34,280.549,25,0,2,0,0.741642,1
1,0,0,0,1,1,179,26,30,313.532,19,1,0,0,0.631178,1
1,0,0,0,1,4,179,26,30,313.532,19,1,0,0,0.626739,1
0,0,0,1,1,4,179,22,40,313.532,22,1,2,0,0.310715,0
0,0,0,1,1,5,179,22,40,313.532,22,1,2,0,0.309359,0
1,0,0,0,1,8,179,26,30,313.532,19,1,0,0,0.620788,1
0,0,0,1,1,10,179,22,40,313.532,22,1,2,0,0.302627,0
1,0,0,0,1,11,289,48,49,313.532,36,0,0,2,0.806856,1
0,0,1,0,1,12,179,22,40,313.532,22,1,2,0,0.761654,1
0,0,0,1,1,15,179,26,30,313.532,19,1,0,0,0.180162,0
0,0,1,0,1,16,155,12,34,313.532,25,0,2,0,0.731705,1
0,0,0,1,1,17,179,26,30,313.532,19,1,0,0,0.178297,0
0,0,0,1,1,17,179,51,38,313.532,31,0,0,0,0.216731,0
1,0,0,0,1,17,289,36,33,313.532,30,0,2,1,0.905243,1
0,0,0,1,1,18,179,51,38,313.532,31,0,0,0,0.215657,0
0,0,0,1,1,26,179,51,38,313.532,31,0,0,0,0.207201,0
1,0,0,0,2,6,179,51,38,264.249,31,0,0,0,0.674483,1
0,0,0,1,2,6,225,26,28,264.249,24,0,1,2,0.254329,0
1,0,0,0,2,7,248,25,47,264.249,32,0,2,1,0.858579,1
0,0,0,1,2,7,179,51,38,264.249,31,0,0,0,0.224163,0
0,0,0,1,2,8,225,26,28,264.249,24,0,1,2,0.251931,0
0,0,0,1,2,8,179,51,38,264.249,31,0,0,0,0.223062,0
0,0,0,1,2,8,179,26,30,264.249,19,1,0,0,0.183769,0
0,0,0,1,2,9,225,15,41,264.249,28,1,2,2,0.365893,0
0,0,0,1,2,9,179,51,38,264.249,31,0,0,0,0.221966,0
0,0,1,0,2,12,233,51,31,264.249,21,1,1,8,0.348955,0
0,0,0,1,2,12,179,51,38,264.249,31,0,0,0,0.218698,0
1,0,0,0,2,13,225,26,28,264.249,24,0,1,2,0.699248,1
0,0,0,1,2,14,179,51,38,264.249,31,0,0,0,0.216539,0
0,0,0,1,2,15,179,51,38,264.249,31,0,0,0,0.215466,0
0,0,0,1,2,15,225,26,28,264.249,24,0,1,2,0.24366,0
1,0,0,0,2,15,179,26,30,264.249,19,1,0,0,0.605482,1
0,0,0,1,2,16,179,22,40,264.249,22,1,2,0,0.290489,0
0,0,0,1,2,16,179,51,38,264.249,31,0,0,0,0.214396,0
1,0,0,0,2,21,233,51,31,264.249,21,1,1,8,0.326028,0
0,0,0,1,2,21,179,26,30,264.249,19,1,0,0,0.171727,0
0,0,0,1,2,21,179,51,38,264.249,31,0,0,0,0.209105,0
1,0,0,0,2,22,179,51,38,264.249,31,0,0,0,0.65183,1
0,0,0,1,2,23,179,51,38,264.249,31,0,0,0,0.207016,0
0,0,0,1,2,26,155,12,34,264.249,25,0,2,0,0.251706,0
0,0,0,1,2,26,235,16,32,264.249,25,1,0,0,0.328386,0
0,0,0,1,2,26,179,51,38,264.249,31,0,0,0,0.203911,0
1,0,0,0,2,26,225,26,28,264.249,24,0,1,2,0.681636,1
0,0,0,1,2,27,179,51,38,264.249,31,0,0,0,0.202883,0
0,0,0,1,2,27,248,25,47,264.249,32,0,2,1,0.428732,0
0,0,0,1,2,27,225,26,28,264.249,24,0,1,2,0.229913,0
0,0,0,1,2,28,179,51,38,264.249,31,0,0,0,0.20186,0
0,0,0,1,2,22,179,51,38,264.249,31,0,0,0,0.208058,0
0,0,0,1,2,23,235,16,32,264.249,25,1,0,0,0.332595,0
0,0,0,1,3,5,179,51,38,222.196,31,0,0,0,0.223585,0
0,0,0,1,3,5,248,25,47,222.196,32,0,2,1,0.459203,0
0,0,0,1,3,6,228,14,58,222.196,22,0,2,1,0.258873,0
0,0,0,1,3,6,248,25,47,222.196,32,0,2,1,0.457629,0
1,0,0,0,3,6,228,14,58,222.196,22,0,2,1,0.713394,1
0,0,0,1,3,7,179,51,38,222.196,31,0,0,0,0.221392,0
0,0,0,1,3,8,225,26,28,222.196,24,0,1,2,0.248927,0
0,0,0,1,3,8,179,51,38,222.196,31,0,0,0,0.220301,0
0,0,0,1,3,8,225,26,28,222.196,24,0,1,2,0.248927,0
0,0,0,1,3,9,179,26,30,222.196,19,1,0,0,0.180441,0
0,0,0,1,3,12,235,16,32,222.196,25,1,0,0,0.344628,0
0,0,1,0,3,12,361,52,28,222.196,27,0,1,4,0.861306,1
1,0,0,0,3,13,179,51,38,222.196,31,0,0,0,0.661088,1
0,0,0,1,3,14,179,51,38,222.196,31,0,0,0,0.213836,0
0,0,0,1,3,15,179,51,38,222.196,31,0,0,0,0.212772,0
0,0,0,1,3,16,179,26,30,222.196,19,1,0,0,0.173971,0
1,0,0,0,3,19,179,51,38,222.196,31,0,0,0,0.652513,1
1,0,0,0,3,19,248,25,47,222.196,32,0,2,1,0.847024,1
0,0,0,1,3,19,179,51,38,222.196,31,0,0,0,0.208555,0
1,0,0,0,3,19,225,26,28,222.196,24,0,1,2,0.687762,1
0,0,0,1,3,20,179,51,38,222.196,31,0,0,0,0.207511,0
0,0,0,1,3,21,289,36,33,222.196,30,0,2,1,0.557646,1
0,0,0,1,3,21,228,14,58,222.196,22,0,2,1,0.241049,0
0,0,0,1,3,21,179,51,38,222.196,31,0,0,0,0.20647,0
0,0,0,1,3,22,248,25,47,222.196,32,0,2,1,0.43258,0
0,0,0,1,3,22,179,51,38,222.196,31,0,0,0,0.205433,0
0,0,0,1,3,23,179,26,30,222.196,19,1,0,0,0.167685,0
0,0,0,1,3,23,179,51,38,222.196,31,0,0,0,0.2044,0
0,0,0,1,3,27,179,51,38,222.196,31,0,0,0,0.200307,0
0,0,0,1,3,28,118,15,46,222.196,25,0,2,0,0.154727,0
1,0,0,0,3,28,155,12,34,222.196,25,0,2,0,0.699631,1
0,0,0,1,3,28,179,51,38,222.196,31,0,0,0,0.199294,0
0,0,0,1,3,29,179,51,38,222.196,31,0,0,0,0.198284,0
1,0,0,0,3,26,179,26,30,222.196,19,1,0,0,0.584825,1
0,0,1,0,3,26,289,36,33,222.196,30,0,2,1,0.901071,1
0,0,0,1,3,28,369,17,31,222.196,25,0,3,0,0.80054,1
1,0,0,0,4,2,225,26,28,246.288,24,0,1,2,0.714915,1
1,0,0,0,4,2,118,10,37,246.288,28,0,0,0,0.535369,1
0,0,1,0,4,3,361,52,28,246.288,27,0,1,4,0.870474,1
0,0,1,0,4,4,248,25,47,246.288,32,0,2,1,0.866918,1
1,0,0,0,4,5,189,29,33,246.288,25,0,2,2,0.693704,1
0,0,0,1,4,6,179,26,30,246.288,19,1,0,0,0.186574,0
1,0,0,0,4,9,369,17,31,246.288,25,0,3,0,0.970568,1
0,1,0,0,4,10,179,22,40,246.288,22,1,2,0,0.291416,0
0,0,0,1,4,10,118,13,50,246.288,31,0,1,0,0.165778,0
0,0,0,1,4,10,361,52,28,246.288,27,0,1,4,0.462946,0
1,0,0,0,4,11,118,10,37,246.288,28,0,0,0,0.52115,1
0,0,0,1,4,13,235,11,37,246.288,29,1,1,1,0.399921,0
0,0,0,1,4,13,179,26,30,246.288,19,1,0,0,0.179932,0
0,0,1,0,4,16,225,26,28,246.288,24,0,1,2,0.706018,1
0,1,0,0,4,17,235,16,32,246.288,25,1,0,0,0.333593,0
0,0,0,1,4,20,179,26,30,246.288,19,1,0,0,0.173477,0
0,0,0,1,4,24,155,12,34,246.288,25,0,2,0,0.255225,0
0,0,1,0,4,26,225,26,28,246.288,24,0,1,2,0.692689,1
1,0,0,0,4,26,118,13,50,246.288,31,0,1,0,0.561308,1
0,0,0,1,4,27,179,26,30,246.288,19,1,0,0,0.167205,0
0,0,0,1,5,7,235,11,37,237.656,29,1,1,1,0.409847,0
0,0,1,0,5,9,225,15,41,237.656,28,1,2,2,0.812823,1
0,0,0,1,5,9,235,16,32,237.656,25,1,0,0,0.354655,0
1,0,0,0,5,9,118,10,37,237.656,28,0,0,0,0.525101,1
0,0,0,1,5,9,235,20,43,237.656,38,0,1,0,0.510122,1
1,0,0,0,5,10,179,26,30,237.656,19,1,0,0,0.615178,1
0,0,0,1,5,10,291,31,40,237.656,25,0,1,1,0.416225,0
1,0,0,0,5,10,225,15,41,237.656,28,1,2,2,0.804807,1
0,0,1,0,5,11,300,26,43,237.656,25,0,2,1,0.885147,1
0,0,0,1,5,11,225,15,41,237.656,28,1,2,2,0.365056,0
0,0,0,1,5,11,179,26,30,237.656,19,1,0,0,0.182281,0
0,0,0,1,5,14,118,13,50,237.656,31,0,1,0,0.16273,0
1,0,0,0,5,15,118,13,50,237.656,31,0,1,0,0.57917,1
0,0,0,1,5,15,118,10,37,237.656,28,0,0,0,0.12996,0
0,0,0,0,5,15,118,13,50,237.656,31,0,1,0,0.0826978,0
0,0,0,1,5,16,179,26,30,237.656,19,1,0,0,0.177604,0
0,0,0,0,5,16,378,49,36,237.656,21,0,2,4,0.289273,0
0,1,0,0,5,18,179,22,40,237.656,22,1,2,0,0.281693,0
1,0,0,0,5,21,155,12,34,237.656,25,0,2,0,0.714022,1
1,0,0,0,5,21,235,16,32,237.656,25,1,0,0,0.783984,1
0,0,0,1,5,23,291,31,40,237.656,25,0,1,1,0.396347,0
1,0,0,0,5,23,179,22,40,237.656,22,1,2,0,0.737969,1
1,0,0,0,5,23,225,26,28,237.656,24,0,1,2,0.687701,1
1,0,0,0,5,24,330,16,28,237.656,25,1,0,0,0.908321,1
0,0,0,1,5,24,235,16,32,237.656,25,1,0,0,0.333201,0
0,0,0,1,5,31,291,31,40,237.656,25,0,1,1,0.384278,0
